Record ID,Record Title,Video URL,Video Creation Date,Video Length,MetaData (keywords),Recomendation Grouping,Primary?,Video Info,MCQ #1,Q1 Correct Answer,Q1 Distracter A,Q1 Distracter B,Q1 Distracter C,Q1 Distracter D,MCQ#2,Q2 Correct Answer,Q2 Distracter A,Q2 Distracter B,Q2 Distracter C,Q2 Distracter D,MCQ#3,Q3 Correct Answer,Q3 Distracter A,Q3 Distracter B,Q3 Distracter C,Q3 Distracter D,MCQ#4,Q4 Correct Answer,Q4 Distracter A,Q4 Distracter B,Q4 Distracter C,Q4 Distracter D,MCQ#5,Q5 Correct Answer,Q5 Distracter A,Q5 Distracter B,Q5 Distracter C,Q5 Distracter D,Custom Target
1,Apple Has First Earning Decline in More Than a Decade,https://mediaplayer.pearsoncmg.com/assets/ABC_News-2016-ATM_4_27_16_AppleHasFirstEarningsDeclineinMoreThanaDecade,2016 May,0:23,"Product life cycle; Kotler, Marketing Principles, 16th Edition; Keller, Marketing Management, 15th Edition; Armstrong, Marketing: An Introduction, 13th Edition; Solomon, Marketing: Real People, Real Choices, 8th Edition 
","Kotler_MarketingAnIntroduction_14e_Ch1; 
Robbins_FundamentalsOfManagement_10e_Ch3","Y(Kotler_MarketingAnIntroduction_14e_Ch1)
N(Robbins_FundamentalsOfManagement_10e_Ch3)","After watching the video, answer the following multiple choice questions.",The recent decrease in iPhone sales most likely indicates that the company's products are in the ______ stage of the product life cycle.,decline,growth,introduction,maturity,,"______ is the most likely reason that iPhone sales decreased during the previous quarter, and why Apple will be launching its newest iPhone soon.",Technological advances,Uninterested customers,A shift in consumer taste,Increased competition,,"During the time the iPhone brought in high profits and sales peaked, it was most likely in the _______ stage of the product life cycle.",maturity,introduction,growth,decline,,The first customers to purchase the original iPhone as soon as it hit the market are most likely classified as which type of adopters?,Innovators,Lagging adopters,Early adopters,Mainstream adopters,,"As sales decline for the current iPhone, which is the most likely course of action for Apple regarding pricing of the iPhone?",Apple will cut prices.,Apple will use cost-plus pricing.,Apple with match or beat competitor prices.,Apple will use penetration pricing.,,custom_target_1
2,How Does Barbara Corcoran Pick Her Investments on Shark Tank?,https://mediaplayer.pearsoncmg.com/assets/ABC_News-2016-ABCNewsDigital_3_24_16_HowDoesBarbaraCorcoranPickHerInvestmentsonSharkTank,2016 March,1:52,"Nonverbal; Poise; Posture; Delivery; Interviewing. Gender bias; Cultural bias; Cultural variations; Cultural differences; Bias-free language; Connotative; Abstractions; Plain language; Shark Tank; Barbara Corcoran; Bovee; Thill; Excellence in Business Communication; Business Communication Today; Business Communication Essentials; Shwom; Snyder; Business Communication

","Kotler_MarketingAnIntroduction_14e_Ch1; 
Robbins_FundamentalsOfManagement_10e_Ch3","N(Kotler_MarketingAnIntroduction_14e_Ch1)
Y(Robbins_FundamentalsOfManagement_10e_Ch3)","1.Watch the following video about the communication factors that sway a venture capitalist's investment decisions and how she overcomes speaker's anxiety. 

2.Answer the multiple choice questions that appear after the video.","In the first moments of Shark Tank, entrepreneurs arrive on the stage. Barbara Corcoran says that their body language shows that they are eager to make a pitch. Which of the following nonverbal cues convey that message?","They walk in confidently, make great eye contact, and stand erect and poised.",They walk hesitantly toward the spotlight and squint in the bright lights.,They saunter onto the stage with their hands in their pockets.,They move to the center of the stage and stand with pained expression on their faces.,They walk onto the stage and study their notes.,"The entrepreneurs are told to be silent until they are spoken to. During the long silence, Barbara Corcoran says she learns who can handle pressure. How?","She watches the nonverbal cues, looking for deflated body posture, fidgeting, and loss of poise.",She finds out who can follow directions.,She discovers whether the candidates can use their time wisely.,She assesses whether the candidates have good manners.,She counts how many times the candidates blink.,"Consider the choice of words in the statement, If you want to get in bed with a great entrepreneur, he better be good under pressure.What are the communication implications of this choice of words?    ",All of the answer choices are true.,All of the answer choices are true.,The statement has inappropriate sexual overtones.,The connotative meaning could be unclear to those not familiar with the slang use of the phrases,"The word choice illustrates why concrete, plain words are more professional.","Barbara Corcoran admits to feeling insecure and anxious during public performances, including appearances on Shark Tank. What technique does she recommend to overcome the fear of public speaking?",Boost your confidence with affirming statements.,Wait for the anxiety to pass before beginning.,Speak in a lower octave.,Jog quickly before presenting.,Remind yourself of embarrassing and unskillful presentations.,"Barbara Corcoran says that when she is hesitant to speak in a high-pressure situation, she says to herself, What would a man do? And I do it. I raise my hand. I demand what I want.This illustrates what aspect of gender influences in workplace communication?",Men and women tend to have different communication styles.,Women tend to emphasize content and outcomes in their communication efforts.,Men tend to place a higher premium on relationships.,Men and women view assertiveness as a negative quality in men and a positive quality in women.,Gender plays a minor role in workplace communication.,custom_target_2
3,World Leaders Address Counterterrorism at Summit,"https://mediaplayer.pearsoncmg.com/assets/ABC_News-2016-ABC_News_Digital_3_31_16_World_Leaders_Address_Counterterrorism_at_Nuclear_Summit
",2016 March,7:16,Global Nuclear Security; Counterterrorism; Cross-National Cooperation; World Nuclear Powers; USA; President Obama; Russia; ISIS; Cyber Security; International Business: Environments & Operations; Daniels; International Business: The Challenges of Globalization; Wild; Business: A Managerial Perspective; Griffin; International Business: The New Realities; Cavusgil,Kotler_MarketingAnIntroduction_14e_Ch1,"Y(Kotler_MarketingAnIntroduction_14e_Ch1)
N(Robbins_FundamentalsOfManagement_10e_Ch3)","1. Watch the following video, which shows an ABC report on how President Obama is hosting a summit for world leaders on counterterrorism and nuclear weapons.
2. Answer the multiple choice questions that appear after the video.
",How many world leaders will be attending President Obama's summit?,36,110,94,57,25,The main focus of this summit is to keep nuclear weapons out of whose hands?,Terrorist groups like ISIS,Right-wing activists in Switzerland,Guerrilla groups in Indonesia,Religious fanatics in Thailand,Unstable dictators in Latin America,The video highlights that this summit is more pressing because of which recent international incident?,The bombings in Brussels,The downing of a Russian plane by Turkey,The Paris attacks in 2015,The sinking of a Japanese fishing vessel by North Korea,The derailment of a train carrying nuclear waste across Montana,A significant global player who decided to boycott this summit was,Russia,Japan,France,India,China,Getting a commitment from the leaders in this summit is very important to President Obama right now because ______.,it is the last summit of this type before he leaves office,most of the world leaders are getting pretty old,the United Nations is about to change the rules for these types of summits,democratic governments are being replaced by totalitarian ones,the nuclear stockpiles are suddenly becoming very unstable,custom_target_3
4,"High Fashion, Deadly Factories",https://mediaplayer.pearsoncmg.com/assets/ABC_News-2016-Nightline_3_21_12_HighFashionDeadlyFactories,2016 March,5:15,"Negative messages; Crisis communication; Crisis management; Buffer;
Common ground;Responding to negative messages; Abstract;
Connotative; Media questions; Apologies;Tommy Hilfiger;
Bangladesh; Factories; Bovee; Thill; Excellence in Business Communication;
Business Communication Today; Business Communication Essentials;
Shwom; Snyder; Business Communication
",,,"1.        Watch the following news report about an investigation into high fashion clothing factories. Be advised that the report includes vivid scenes of a deadly fire. Consider the communication challenges companies face when confronted with negative news. 

2.        Answer the multiple choice questions that appear after the video.
",The newscaster's lead-in to Brian Ross's report states that it may well leave you heartbroken and outraged.This wording employs which aspect(s) of language?,"Strong, familiar words",Passive voice,A logical appeal,Bias-free language,Use of euphemisms,"Tommy Hilfiger told ABC News that his Bangladesh factories meet the gold standard,despite a deadly fire. Then, his staff ordered the news crew off the property. When a company faces negative news, how should it respond?",All of the answer choices are correct.,Be prepared for trouble ahead of time.,Do not refuse to answer questions.,Have a crisis management plan.,Disseminate correct and consistent information.,"Tommy Hilfiger said his company had pulled out of Bangladesh, saying, We will never manufacture clothes in those factories ever again.When the statement proved false, what would communications specialists recommend as the next step?",Assume full responsibility for the miscommunication.,Speculate about the media's intentions.,Blame the miscommunication on subordinates.,Publicize company safeguards to prevent problems.,Avoid interviews in hopes the publicity will die down.,"Some experts advise that a company should never apologize, even when it knows it has made a mistake. What is the main concern?",The apology might be taken as a confession of guilt that could be used against the company in a lawsuit.,Apologies play no strategic role in running a business.,"The apology might make the executive appear weak, which could be a disadvantage in future negotiations.","The apology could reinforce the negative situation, damaging the company's reputation.",Apologies could hurt the company's relationships with its stakeholders.,"Hilfiger and its parent company announced a $2 million plan for an independent fire inspector in Bangladesh to enforce new, strict regulations. Which principle of crisis communication does this action best illustrate?",Demonstrate the company's concern.,Tell the story completely and honestly.,Provide a buffer to the bad news.,Put the blame on others.,Establish common ground with the public.,custom_target_4
5,Historic Climate Deal Reached,https://mediaplayer.pearsoncmg.com/assets/ABC_News-2016-WNT_12_12_15_HistoricClimateDealReached,2015 December,2:07,"Globalization and Society; Political Environment;
Global Warming; President Obama; Sustainability;
Environmental Impacts; Social Responsibility;
Global Agreements; Saving the Planet;
International Business: Environments & Operations;
Daniels International Business: The Challenges of Globalization;
Wild International Business: A Managerial Perspective;
Griffin International Business: The New Realities;
Cavusgil
",,,"1.        Watch the following video, which captures the signing of the most impactful global agreement on climate change ever signed.
2.        Answer the multiple choice questions that appear after the video.
",The societal issue that this agreement addresses is specifically related to,global warming,international piracy,the safety of pharmaceutical products,energy use reduction,trade-related IP protection,This agreement is significant because of the number of countries that signed it. How many were there in total?,195-196,155-156,175-176,185-186,205,"As part of the agreement, each country is required to _______.",submit an emissions plan,pay a lump sum amount to the World Bank,reduce their use of electricity by 15%,elect an energy czar to oversee their nation's efforts,close down a certain number of manufacturing facilities,Critics of the deal were upset because they claimed that the agreement ________.,does not go far enough,does not apply to China and India,"goes into effect in 2017, which is too soon",will be voted down in the U.S. Congress,has goals that cannot really be achieved,One indicator of how difficult it is for countries to reach agreements such as these is the time it takes to negotiate them. The time it took to reach this agreement was ______.,20 Years,50 years,40 years,30 years,10 Years,custom_target_5
6,Markets Abroad Rally on Tentative Debt Deal,https://mediaplayer.pearsoncmg.com/assets/HE_BusPub-akamai-streaming-bp-ABC_News-8-1-11_ANNMM_MarketsRally,2011 August,7:49,Griffin; International Business: The New Realities,,,,,,,,,,,,,,,,,,,,,,,,,,,,,,,,,,custom_target_6
7,Netflix Investors Bolt with Subscribers,https://mediaplayer.pearsoncmg.com/assets/ABC_News-2011-10-26-11_GMA_Netflix,2011 October,2:01,Strategic Management; Wheelen,,,,,,,,,,,,,,,,,,,,,,,,,,,,,,,,,,custom_target_7
8,Corporate Acquisitions and Multinational Corporations - SCOTUS Puts the Brakes on Chrysler Sale,https://mediaplayer.pearsoncmg.com/assets/2013-business_law-BLaw2013_Corp_Acq,2009 June,2:20,Strategic Management; Barney,,,,,,,,,,,,,,,,,,,,,,,,,,,,,,,,,,custom_target_8
9,First Flavor,https://mediaplayer.pearsoncmg.com/assets/ 2013-mktg-FirstFlavor,2011,6:42,Marketing; Kotler; Principles of Marketing,,,,,,,,,,,,,,,,,,,,,,,,,,,,,,,,,,custom_target_9
10,Honest Tea: Corporate Social Responsibility,https://mediaplayer.pearsoncmg.com/assets/MGMT-OB-2013-OBPOM2012_HonestTea_CSR,2011,6:45,Marketing; Bovee; Business in Action; Certo; Marketing Management; Keegan; General Marketing; Kotler; Principles of Marketing; Mondy; Martocchio; Human Resource Management; McKee; Management; Robbins; Foundations of Management; Robbins; Management,,,,,,,,,,,,,,,,,,,,,,,,,,,,,,,,,,custom_target_10
11,Pizza Hut: Functions and Skills of Management,https://mediaplayer.pearsoncmg.com/assets/2013-intro_biz-ITB2012_mgtorg_pizhut_v4sm,2011,6:47,Business in Action; Bovee; Ebert; Business Essentials,,,,,,,,,,,,,,,,,,,,,,,,,,,,,,,,,,custom_target_11
12,ZipCar: Business Technology,https://mediaplayer.pearsoncmg.com/assets/2013-intro_biz-ZIPC_VID4_WEB640,2010,4:44,Ebert; Business Essentials; Kotler; Marketing Management; Solomon; Better Business,,,,,,,,,,,,,,,,,,,,,,,,,,,,,,,,,,custom_target_12
13,Capital Advisors: Securities and Investments,https://mediaplayer.pearsoncmg.com/assets/2013-intro_biz-ITB2012_securities_capadvisor_v5sm,2011,5:42,Bovee; Business in Action; Ebert; Business Essentials; Solomon; Better Business; Daniels; International Business,,,,,,,,,,,,,,,,,,,,,,,,,,,,,,,,,,custom_target_13
14,Blackbird Guitars: Organizational Culture,https://mediaplayer.pearsoncmg.com/assets/2013-MGMT-OB-BLKB_VID1_WEB640,2010,8:14,Organizational Culture; Strategic Management,,,,,,,,,,,,,,,,,,,,,,,,,,,,,,,,,,custom_target_14
15,Starting and Operating a New Business,https://mediaplayer.pearsoncmg.com/assets/introbiz-2016-etext2-ebert_be10e_ch03_1,2016,5:20,Ebert; Business Essentials,,,,,,,,,,,,,,,,,,,,,,,,,,,,,,,,,,custom_target_15
16,Forms of Business Ownership,https://mediaplayer.pearsoncmg.com/assets/introbiz-2016-etext2-ebert_be10e_ch03_2,2016,6:03,Ebert; Business Essentials,,,,,,,,,,,,,,,,,,,,,,,,,,,,,,,,,,custom_target_16
17,Employee Behavior Across Cultures,https://mediaplayer.pearsoncmg.com/assets/introbiz-2016-etext2-ebert_be10e_ch04_1,2016,4:23,Ebert; Business Essentials,,,,,,,,,,,,,,,,,,,,,,,,,,,,,,,,,,custom_target_17
18,BB15_Tailored Technology,https://mediaplayer.pearsoncmg.com/assets/entrepreneurship-2016-BB15_TailoredTechnology,2016,3:25,Entrpreneurship,,,,,,,,,,,,,,,,,,,,,,,,,,,,,,,,,,custom_target_18
19,BB13_Midas,https://mediaplayer.pearsoncmg.com/assets/entrepreneurship-2016-BB13_Midas,2016,4:20,Entrpreneurship,,,,,,,,,,,,,,,,,,,,,,,,,,,,,,,,,,custom_target_19
20,BB7_Addison Avenue Marketing,https://mediaplayer.pearsoncmg.com/assets/entrepreneurship-2016-BB7_AddisonAvenueMarketing,2016,8:08,Entrpreneurship,,,,,,,,,,,,,,,,,,,,,,,,,,,,,,,,,,custom_target_20
21,10--Derrick Morse,https://mediaplayer.pearsoncmg.com/assets/entrepreneurship-2016-10_Derrick_Morse,2016,2:59,Entrpreneurship,,,,,,,,,,,,,,,,,,,,,,,,,,,,,,,,,,custom_target_21
22,07--Brian Harstine,https://mediaplayer.pearsoncmg.com/assets/entrepreneurship-2016-07_Brian_Harstine,2016,5:05,Entrpreneurship,,,,,,,,,,,,,,,,,,,,,,,,,,,,,,,,,,custom_target_22
23,BB10_JohnTom'sBarbecue,https://mediaplayer.pearsoncmg.com/assets/entrepreneurship-2016-BB10_JohnTomsBarbecue,2016,8:05,Entrpreneurship,,,,,,,,,,,,,,,,,,,,,,,,,,,,,,,,,,custom_target_23
24,BB14_GW Hops And Honey,https://mediaplayer.pearsoncmg.com/assets/entrepreneurship-2016-BB14_GWHops_Honey,2016,2:50,Entrpreneurship,,,,,,,,,,,,,,,,,,,,,,,,,,,,,,,,,,custom_target_24
25,BB5_Rieth Brothers,https://mediaplayer.pearsoncmg.com/assets/entrepreneurship-2016-BB5_RiethBrothers,2016,6:07,Entrpreneurship,,,,,,,,,,,,,,,,,,,,,,,,,,,,,,,,,,custom_target_25
26,04--Arnie Malham,https://mediaplayer.pearsoncmg.com/assets/entrepreneurship-2016-04_Arnie_Malham,2016,4:09,Entrpreneurship,,,,,,,,,,,,,,,,,,,,,,,,,,,,,,,,,,custom_target_26
27,BB11_TheTraveler,https://mediaplayer.pearsoncmg.com/assets/entrepreneurship-2016-BB11_TheTraveler,2016,4:05,Entrpreneurship,,,,,,,,,,,,,,,,,,,,,,,,,,,,,,,,,,custom_target_27
28,Authorities Crack Down on Alleged Counterfeit Laundry Detergent,https://mediaplayer.pearsoncmg.com/assets/ABC_News-2016-Nightline_6_22_16_Authorities_Crack_Down_on_Alleged_Counterfeit_Laundry_Detergent,2016 June,7:01,Management,,,,,,,,,,,,,,,,,,,,,,,,,,,,,,,,,,custom_target_28
29,New York Millionaire Cal Harris Faces 4th Trial,https://mediaplayer.pearsoncmg.com/assets/ABC_News-2016-GMA_4_3_16_NewYorkMillionaireCalHarrisFaces4thTrial,2016 April,2:22,Business Law,,,,,,,,,,,,,,,,,,,,,,,,,,,,,,,,,,custom_target_29
30,"How China's Drop in Stock Market, Strong Jobs Report Could Affect US Economy",https://mediaplayer.pearsoncmg.com/assets/ABC_News-2016-ThisWeek_1_10_16_HowChinasDropinStockMarketStrongJobsReportCouldAffectUSEconomy,2016 January,4:46,Business Communication,,,,,,,,,,,,,,,,,,,,,,,,,,,,,,,,,,custom_target_30
31,Irish Teen Creates High-Tech Sleeping Bag for the Homeless,https://mediaplayer.pearsoncmg.com/assets/ABC_News-2016-ABCNewsDigital_4_25_16_IrishTeenCreatesHigh_TechSleepingBagfortheHomeless,2016 April,3:01,Business Communication,,,,,,,,,,,,,,,,,,,,,,,,,,,,,,,,,,custom_target_31
32,Meet the Company Behind the Coconut Water Craze,https://mediaplayer.pearsoncmg.com/assets/ABC_News-2016-ABC_News_Digital_2_17_16_Meet_the_Company_Behind_the_Coconut_Water_Craze,2016 February,4:48,Business Communication,,,,,,,,,,,,,,,,,,,,,,,,,,,,,,,,,,custom_target_32
33,Texas Braces for Flooding After Tornadoes Move Out,https://mediaplayer.pearsoncmg.com/assets/ABC_News-2016-WNT_5_27_16_TexasBracesforFloodingAfterTornadoesMoveOut,2016 May,3:00,Business Communication,,,,,,,,,,,,,,,,,,,,,,,,,,,,,,,,,,custom_target_33
34,Texas Couple Facing Lawsuit After Posting Review on Yelp,https://mediaplayer.pearsoncmg.com/assets/ABC_News-2016-WNT_2_20_16_TexasCoupleFacingLawsuitAfterPostingReviewonYelp,2016 February,1:34,Business Communication,,,,,,,,,,,,,,,,,,,,,,,,,,,,,,,,,,custom_target_34
35,What Travelers Should Expect for Memorial Weekend,https://mediaplayer.pearsoncmg.com/assets/ABC_News-2016-GMA_5_27_16_WhatTravelersShouldExpectforMemorialWeekend,2016 May,2:02,Business Communication,,,,,,,,,,,,,,,,,,,,,,,,,,,,,,,,,,custom_target_35
36,How Counterfeit Goods Make it From China to a Store Near You,https://mediaplayer.pearsoncmg.com/assets/ABC_News-2016-WNT_5_16_15_HowCounterfeitGoodsMakeitFromChinatoaStoreNearYou,2015 May,1:47,Introduction to Business,,,,,,,,,,,,,,,,,,,,,,,,,,,,,,,,,,custom_target_36
37,Johnny Manziel Indicted for Assault Against Former Girlfriend,https://mediaplayer.pearsoncmg.com/assets/ABC_News-2016-WNT_4_26_16_JohnnyManzielIndictedforAssaultAgainstFormerGirlfriend,2016 April,1:38,Business Law,,,,,,,,,,,,,,,,,,,,,,,,,,,,,,,,,,custom_target_37
38,FDA Issues New Regulations for E-Cigarettes and Other Tobacco Products,https://mediaplayer.pearsoncmg.com/assets/ABC_News-2016-ABCNewsDigital_5_5_16_FDAIssuesNewRegulationsforE_CigarettesandOtherTobaccoProducts,2016 May,1:22,Business Law,,,,,,,,,,,,,,,,,,,,,,,,,,,,,,,,,,custom_target_38
39,Channing Tatums Epic Lip Sync Battle Beyonce Performance,https://mediaplayer.pearsoncmg.com/assets/ABC_News-2016-Nightline_1_9_16_Channing_Tatums_Epic_Lip_Sync_Battle_Beyonce_Performance,2016 January,2:19,Business Communication,,,,,,,,,,,,,,,,,,,,,,,,,,,,,,,,,,custom_target_39
40,Body Language May Help Combat Anxious Times,https://mediaplayer.pearsoncmg.com/assets/ABC_News-2016-GMA_3_27_16_BodyLanguageMayHelpCombatAnxiousTimes,2016 March,3:26,Business Communication,,,,,,,,,,,,,,,,,,,,,,,,,,,,,,,,,,custom_target_40
41,How to Save Money on Online Grocery Shopping,https://mediaplayer.pearsoncmg.com/assets/ABC_News-2016-GMA_1_12_16_How_to_Save_Money_on_Online_Grocery_Shopping,2016 January,5:05,Business Communication,,,,,,,,,,,,,,,,,,,,,,,,,,,,,,,,,,custom_target_41
42,For Women Only-Inside Exclusive Social Media Club,https://mediaplayer.pearsoncmg.com/assets/ABC_News-2016-GMA_3_28_16_ForWomenOnly_InsideExclusiveSocialMediaClub,2016 March,,Business Communication,,,,,,,,,,,,,,,,,,,,,,,,,,,,,,,,,,custom_target_42
43,Virtual Reality at CES,https://mediaplayer.pearsoncmg.com/assets/ABC_News-2016-ABC_News_Digital_1_8_16_Virtual_Reality_at_CES,2016 January,2:32,Business Communication,,,,,,,,,,,,,,,,,,,,,,,,,,,,,,,,,,custom_target_43
44,ACLU Sues Over Controversial North Carolina Transgender Bathroom Law,https://mediaplayer.pearsoncmg.com/assets/ABC_News-2016-ABCNews_3_28_16_ACLUSuesOverControversialNorthCarolinaTransgenderBathroomLaw,2016 March,2:10,Introduction to Business,,,,,,,,,,,,,,,,,,,,,,,,,,,,,,,,,,custom_target_44
45,What to Know About the Abortion Case in Front of the Supreme Court,https://mediaplayer.pearsoncmg.com/assets/ABC_News-2016-Nightline_3_2_16_WhattoKnowAbouttheAbortionCaseinFrontoftheSupremeCourt,2016 March,8:09,Business Law,,,,,,,,,,,,,,,,,,,,,,,,,,,,,,,,,,custom_target_45
46,Fixing a Leaky Washing Machine,https://mediaplayer.pearsoncmg.com/assets/ABC_News-2016-GMA_3_27_16_FixingaLeakyWashingMachine,2016 March,2:01,Business Communication,,,,,,,,,,,,,,,,,,,,,,,,,,,,,,,,,,custom_target_46
47,Pop News - Man Crates Take on Fathers Day Gifting,https://mediaplayer.pearsoncmg.com/assets/ABC_News-2016-GMA_6_19_16_PopNews_ManCratesTakeonFathersDayGifting,2016 June,1:05,Marketing,,,,,,,,,,,,,,,,,,,,,,,,,,,,,,,,,,custom_target_47
48,IKEA Recalls 29 Million Dressers,https://mediaplayer.pearsoncmg.com/assets/ABC_News-2016-GMA_6_28_16_IKEARecalls29MillionDressers,2016 June,1:54,Marketing,,,,,,,,,,,,,,,,,,,,,,,,,,,,,,,,,,custom_target_48
49,BB3_Avec Audio,https://mediaplayer.pearsoncmg.com/assets/entrepreneurship-2016-BB3_AvecAudio,2016,8:39,Entrpreneurship,,,,,,,,,,,,,,,,,,,,,,,,,,,,,,,,,,custom_target_49
50,BB4_MD Tekk,https://mediaplayer.pearsoncmg.com/assets/entrepreneurship-2016-BB4_MDTekk,2016,5:25,Entrpreneurship,,,,,,,,,,,,,,,,,,,,,,,,,,,,,,,,,,custom_target_50
51,BB6_Abrams Interior Painting,https://mediaplayer.pearsoncmg.com/assets/entrepreneurship-2016-BB6_AbramsInteriorPainting,2016,3:31,Entrpreneurship,,,,,,,,,,,,,,,,,,,,,,,,,,,,,,,,,,custom_target_51
52,BB8_Foisters Flowers,https://mediaplayer.pearsoncmg.com/assets/entrepreneurship-2016-BB8_FoistersFlowers,2016,4:06,Entrpreneurship,,,,,,,,,,,,,,,,,,,,,,,,,,,,,,,,,,custom_target_52
53,BB9_Ted Baker,https://mediaplayer.pearsoncmg.com/assets/entrepreneurship-2016-BB9_TedBaker,2016,6:32,Entrpreneurship,,,,,,,,,,,,,,,,,,,,,,,,,,,,,,,,,,custom_target_53
54,BB12_Mitch Castetter,https://mediaplayer.pearsoncmg.com/assets/entrepreneurship-2016-BB12_MitchCastetter,2016,3:04,Entrpreneurship,,,,,,,,,,,,,,,,,,,,,,,,,,,,,,,,,,custom_target_54
55,09--Tom Haarlander,https://mediaplayer.pearsoncmg.com/assets/entrepreneurship-2016-09_Tom_Haarlander,2016,4:14,Entrpreneurship,,,,,,,,,,,,,,,,,,,,,,,,,,,,,,,,,,custom_target_55
56,02--Derrick Morse,https://mediaplayer.pearsoncmg.com/assets/entrepreneurship-2016-02_Derrick_Morse,2016,4:11,Entrpreneurship,,,,,,,,,,,,,,,,,,,,,,,,,,,,,,,,,,custom_target_56
57,BB1_Lets Spoon,https://mediaplayer.pearsoncmg.com/assets/entrepreneurship-2016-BB1_LetsSpoon,2016,3:39,Entrpreneurship,,,,,,,,,,,,,,,,,,,,,,,,,,,,,,,,,,custom_target_57
58,BB2_Jacks Donuts,https://mediaplayer.pearsoncmg.com/assets/entrepreneurship-2016-BB2_JacksDonuts,2016,6:39,Entrpreneurship,,,,,,,,,,,,,,,,,,,,,,,,,,,,,,,,,,custom_target_58
59,01--Jonathan-Murrell,https://mediaplayer.pearsoncmg.com/assets/entrepreneurship-2016-01_Jonathan_Murrell,2016,4:24,Entrpreneurship,,,,,,,,,,,,,,,,,,,,,,,,,,,,,,,,,,custom_target_59
60,03--Kevin-Kazlauskas,https://mediaplayer.pearsoncmg.com/assets/entrepreneurship-2016-03_Kevin_Kazlauskas,2016,2:59,Entrpreneurship,,,,,,,,,,,,,,,,,,,,,,,,,,,,,,,,,,custom_target_60
61,05--James-Fields,https://mediaplayer.pearsoncmg.com/assets/entrepreneurship-2016-05_James_Fields,2016,6:54,Entrpreneurship,,,,,,,,,,,,,,,,,,,,,,,,,,,,,,,,,,custom_target_61
62,06--Jordan Stone,https://mediaplayer.pearsoncmg.com/assets/entrepreneurship-2016-06_Jordan_Stone,2016,5:21,Entrpreneurship,,,,,,,,,,,,,,,,,,,,,,,,,,,,,,,,,,custom_target_62
63,08--Scott Barstow,https://mediaplayer.pearsoncmg.com/assets/entrepreneurship-2016-08_Scott_Barstow,2016,4:28,Entrpreneurship,,,,,,,,,,,,,,,,,,,,,,,,,,,,,,,,,,custom_target_63
64,Donald Trump Uses Former Students to Fire Back in Trump U Controversy,https://mediaplayer.pearsoncmg.com/assets/ABC_News-2016-WNT_6_1_16_DonaldTrumpUsesFormerStudentstoFireBackinTrumpUControversy,2016 June,3:23,Business Law,,,,,,,,,,,,,,,,,,,,,,,,,,,,,,,,,,custom_target_64
65,Volkswagon Announces 15B Emissions Settlement,https://mediaplayer.pearsoncmg.com/assets/ABC_News-2016-ABCNews_6_28_16_VolkswagonAnnounces15BEmissionsSettlement,2016 June,2:32,Business Law,,,,,,,,,,,,,,,,,,,,,,,,,,,,,,,,,,custom_target_65
66,Texas Abortion Limits Struck Down by Supreme Court,https://mediaplayer.pearsoncmg.com/assets/ABC_News-2016-SpecialReport_6_27_16_TexasAbortionLimitsStruckDownbySupremeCourt,2016 June,3:29,Business Law,,,,,,,,,,,,,,,,,,,,,,,,,,,,,,,,,,custom_target_66
67,Supreme Court Upholds Lower Court Ruling on Affirmative Action,https://mediaplayer.pearsoncmg.com/assets/ABC_News-2016-SpecialReport_6_23_16_SupremeCourtUpholdsLowerCourtRulingonAffirmativeAction,2016 June,2:23,Business Law,,,,,,,,,,,,,,,,,,,,,,,,,,,,,,,,,,custom_target_67
68,Markets Recover Slightly but Brexit Concerns Remain,https://mediaplayer.pearsoncmg.com/assets/ABC_News-2016-ABC_News_Digital_6_28_16_Markets_Recover_Slightly_but_Brexit_Concerns_Remain,2016 June,1:32,International Business,,,,,,,,,,,,,,,,,,,,,,,,,,,,,,,,,,custom_target_68
69,Donald Trump Calls Brexit Result a Great Thing,https://mediaplayer.pearsoncmg.com/assets/ABC_News-2016-GMA_6_24_16_Donald_Trump_Calls_Brexit_Result_a_Great_Thing,2016 June,2:28,International Business,,,,,,,,,,,,,,,,,,,,,,,,,,,,,,,,,,custom_target_69
70,How This NY Company is Changing the E-Commerce Game,https://mediaplayer.pearsoncmg.com/assets/ABC_News-2016-Nightline_6_1_16_HowThisNYCompanyisChangingtheE_CommerceGame,2016 June,6:24,Marketing,,,,,,,,,,,,,,,,,,,,,,,,,,,,,,,,,,custom_target_70
71,See the New Firefighting Airplane from Global Supertanker,https://mediaplayer.pearsoncmg.com/assets/ABC_News-2016-ABCNewsDigital_5_5_16_SeetheNewFirefightingAirplanefromGlobalSupertanker,2016 May,11:37,Marketing,,,,,,,,,,,,,,,,,,,,,,,,,,,,,,,,,,custom_target_71
72,A Brief History of US-Cuba Relations,https://mediaplayer.pearsoncmg.com/assets/ABC_News-2016-ABC_News_Digital_4_9_15_A_Brief_History_of_US_Cuba_Relations,2015 April,6:29,International Business; Business Law,,,,,,,,,,,,,,,,,,,,,,,,,,,,,,,,,,custom_target_72
73,Shoppers Beware: Misleading Advertisements and Shady Sales Tactics (6:34),https://mediaplayer.pearsoncmg.com/assets/ABC_News-2016-2020_10_2_15_TheSecretsoftheSell_MisleadingAdvertising,2015 October,6:35,Business Communication; Business Law,,,,,,,,,,,,,,,,,,,,,,,,,,,,,,,,,,custom_target_73
74,Rescue Efforts Continue After Ecuadors Devastating Earthquake,https://mediaplayer.pearsoncmg.com/assets/ABC_News-2016-GMA_4_19_16_Rescue_Efforts_Continue_After_Ecuadors_Devastating_Earthquake,2016 April,2:41,International Business,,,,,,,,,,,,,,,,,,,,,,,,,,,,,,,,,,custom_target_74
75,Government Withdraws Case Against Apple,https://mediaplayer.pearsoncmg.com/assets/ABC_News-2016-WNT_3_28_16_Government_Withdraws_Case_Against_Apple,2016 March,1:38,International Business,,,,,,,,,,,,,,,,,,,,,,,,,,,,,,,,,,custom_target_75
76,Rio Olympics Under Fire Less Than Two Months from Opening Ceremonies,https://mediaplayer.pearsoncmg.com/assets/ABC_News-2016-GMA_6_20_16_RioOlympicsUnderFireLessThanTwoMonthsfromOpeningCeremonies,2016 June,2:17,International Business,,,,,,,,,,,,,,,,,,,,,,,,,,,,,,,,,,custom_target_76
77,Mercy Part 1,https://mediaplayer.pearsoncmg.com/assets/ABC_News-2016-ABCNewsDigital_3_9_16_Mercy_Part1,2016 March,13:20,International Business,,,,,,,,,,,,,,,,,,,,,,,,,,,,,,,,,,custom_target_77
78,Microsoft Artificial Intelligence Experiment Under Fire,https://mediaplayer.pearsoncmg.com/assets/ABC_News-2016-GMA_3_25_16_MicrosoftArtificialIntelligenceExperimentUnderFire,2016 March,2:40,International Business,,,,,,,,,,,,,,,,,,,,,,,,,,,,,,,,,,custom_target_78
79,Presidents Obama Castro Meet in Cuba for Historic Visit,https://mediaplayer.pearsoncmg.com/assets/ABC_News-2016-SpecialReport_3_21_16_PresidentsObamaCastroMeetinCubaforHistoricVisit,2016 March,5:27,International Business,,,,,,,,,,,,,,,,,,,,,,,,,,,,,,,,,,custom_target_79
80,Tourism Gold Rush Brings Cash to Cubans Pockets,https://mediaplayer.pearsoncmg.com/assets/ABC_News-2016-WNT_3_21_16_TourismGoldRushBringsCashtoCubansPockets,2016 March,1:20,International Business,,,,,,,,,,,,,,,,,,,,,,,,,,,,,,,,,,custom_target_80
81,Obama Urges Britain to Stay in the EU,https://mediaplayer.pearsoncmg.com/assets/ABC_News-2016-ABCNews_4_22_16_ObamaUrgesBritaintoStayintheEU,2016 April,3:40,International Business,,,,,,,,,,,,,,,,,,,,,,,,,,,,,,,,,,custom_target_81
82,Rare Look Inside North Korea,https://mediaplayer.pearsoncmg.com/assets/ABC_News-2016-WNT_5_6_16_RareLookInsideNorthKorea,2016 May,1:55,International Business,,,,,,,,,,,,,,,,,,,,,,,,,,,,,,,,,,custom_target_82
83,Solar Impulses Possible Flight Path After Pacific Crossing,https://mediaplayer.pearsoncmg.com/assets/ABC_News-2016-ATM_4_25_16_SolarImpulsesPossibleFlightPathAfterPacificCrossing,2016 April,2:02,International Business,,,,,,,,,,,,,,,,,,,,,,,,,,,,,,,,,,custom_target_83
84,Cuba Expected to Become Hot Tourist Destination for Americans,https://mediaplayer.pearsoncmg.com/assets/ABC_News-2016-GMA_6_19_16_CubaExpectedtoBecomeHotTouristDestinationforAmericans,2016 June,3:27,International Business,,,,,,,,,,,,,,,,,,,,,,,,,,,,,,,,,,custom_target_84
85,American Eagle Used Real Models in New Ads,https://mediaplayer.pearsoncmg.com/assets/ABC_News-2016-GMA_1_17_14_AmericanEagleUsedRealModelsinNewAds,2014 January,3:03,Marketing,,,,,,,,,,,,,,,,,,,,,,,,,,,,,,,,,,custom_target_85
86,American Eagle Under Fire for Male Body Positive AerieMan Videos,https://mediaplayer.pearsoncmg.com/assets/ABC_News-2016-GMA_4_5_16_AmericanEagleUnderFireforMaleBodyPositiveAerieManVideos,2016 April,1:41,Marketing,,,,,,,,,,,,,,,,,,,,,,,,,,,,,,,,,,custom_target_86
87,Facebook Releases New Options Beyond Liking Posts,https://mediaplayer.pearsoncmg.com/assets/ABC_News-2016-WNT_2_24_16_FacebookReleasesNewOptionsBeyondLikingPosts,2016 February,1:10,Marketing,,,,,,,,,,,,,,,,,,,,,,,,,,,,,,,,,,custom_target_87
88,Jessica Albas Honest Company Faces Proposed Class-Action Lawsuit,https://mediaplayer.pearsoncmg.com/assets/ABC_News-2016-GMA_3_30_16_JessicaAlbasHonestCompanyFacesProposedClass_ActionLawsuit,2016 March,3:39,Strategic Management,,,,,,,,,,,,,,,,,,,,,,,,,,,,,,,,,,custom_target_88
89,Persuasive Messages- MELT,https://mediaplayer.pearsoncmg.com/assets/2013-bcomm-bcomm_1001_256,2011,4:46,Business Communication; Shwom; Bovee; Business Communication Essentials; Thill; Essentials of Business Communication,,,,,,,,,,,,,,,,,,,,,,,,,,,,,,,,,,custom_target_89
90,Online Shopping Gets Real; Finally Finding the Right Fit,https://mediaplayer.pearsoncmg.com/assets/ABC_News-11_6_12_GMA_OnlineShoppingGetsReal,2012 November,4:43,Marketing; Solomon,,,,,,,,,,,,,,,,,,,,,,,,,,,,,,,,,,custom_target_90
91,Communicating in a World of Diversity- Hewlett-Packard,https://mediaplayer.pearsoncmg.com/assets/bcomm-2013-bcomm_0301_256,2011,3:51,Business Communication; Bovee; Keegan; General Marketing; Thill; Essentials of Business Communication; Whetten,,,,,,,,,,,,,,,,,,,,,,,,,,,,,,,,,,custom_target_91
92,Zappos: Marketing - Creating and Capturing Customer Value,https://mediaplayer.pearsoncmg.com/assets/2013-mktg-MKTG2013_Zappos_Value_Full,2012,6:21,Marketing; Management; Armstrong; Clow; International Advertising; Kotler; Principles of Marketing; Manning,,,,,,,,,,,,,,,,,,,,,,,,,,,,,,,,,,custom_target_92
93,Completing Reports and Proposals- Petaluma Orthopedic and Sports Therapy Center,https://mediaplayer.pearsoncmg.com/assets/2013-bcomm-bcomm_1501_256,2011,4:12,Business Communication; Bovee; Business Communication Essentials; Thill; Essentials of Business Communication,,,,,,,,,,,,,,,,,,,,,,,,,,,,,,,,,,custom_target_93
94,Crafting Messages for Electronic Media- Giant Robot Magazine,https://mediaplayer.pearsoncmg.com/assets/2013-bcomm-bcomm_0701_256,2011,3:08,Business Communication; Bovee; Business Communication Essentials; Thill; Essentials of Business Communication: Shwom,,,,,,,,,,,,,,,,,,,,,,,,,,,,,,,,,,custom_target_94
95,Kmart Has Web Shipping Their Pants from Laughter,https://mediaplayer.pearsoncmg.com/assets/HE_BusPub-akamai-streaming-bp-ABC_News-4-22-13_GMA_KmartWebShippingPants,2013 April,2:06,Marketing; Intro to Business; Kotler; Principles of Marketing,,,,,,,,,,,,,,,,,,,,,,,,,,,,,,,,,,custom_target_95
96,Designing Visual Communication- Petaluma Orthopedic and Sports Therapy Center,https://mediaplayer.pearsoncmg.com/assets/2013-bcomm-bcomm_1201_256,2011,4:00,Business Communication; Bovee,,,,,,,,,,,,,,,,,,,,,,,,,,,,,,,,,,custom_target_96
97,How Do You Know If Your Car Has Recalled Airbags?,https://mediaplayer.pearsoncmg.com/assets/bcomm_abc_business_today_061715-GMA_52115_Know_Car_Has_Recalled_Airbags,2015 May,1:53,Business Communication; Business Law,,,,,,,,,,,,,,,,,,,,,,,,,,,,,,,,,,custom_target_97
98,Enhancing Presentations with Slides and Other Visuals- Orange Photography,https://mediaplayer.pearsoncmg.com/assets/2013-bcomm-bcomm_1701b_256,2011,4:16,,,,,,,,,,,,,,,,,,,,,,,,,,,,,,,,,,,custom_target_98
99,FedEx Responds to Viral Video of Mishandled Packages,http://media.pearsoncmg.com/ph/bp/bp_mylabs/akamai/2012/ABC_News/7-27-13_GMA_FedExRespondsToViralVideoOfMishandledPackages.html,2013 July,1:53,,,,,,,,,,,,,,,,,,,,,,,,,,,,,,,,,,,custom_target_99
100,"Finding, Evaluating, and Processing Information- MELT ",https://mediaplayer.pearsoncmg.com/assets/2013-bcomm-bcomm_1101_256,2011,4:20,,,,,,,,,,,,,,,,,,,,,,,,,,,,,,,,,,,custom_target_100
101,So Called Secret Warranties Could Mean Big Savings on Car Repairs,https://mediaplayer.pearsoncmg.com/assets/bcomm_abc_business_today_021615-GMA_1_16_15_Secret_Warranties_Car_Repairs,2015 January,2:06,,,,,,,,,,,,,,,,,,,,,,,,,,,,,,,,,,,custom_target_101
102,Writing Business Messages- Giant Robot Magazine,https://mediaplayer.pearsoncmg.com/assets/2013-bcomm-bcomm_0501_256,2011,2:41,,,,,,,,,,,,,,,,,,,,,,,,,,,,,,,,,,,custom_target_102
103,Designer Says Ex-Husband Stole Secrets for Rival Line,https://mediaplayer.pearsoncmg.com/assets/ABC_News-11_8_12_GMA_DesignerExStoleSecrets,2012 November,2:40,,,,,,,,,,,,,,,,,,,,,,,,,,,,,,,,,,,custom_target_103
104,"Life is Good: Products, Services, and Brands",https://mediaplayer.pearsoncmg.com/assets/2013-mktg-MKTG2013_LIG_Brands_Full,2012,7:40,,,,,,,,,,,,,,,,,,,,,,,,,,,,,,,,,,,custom_target_104
105,Writing Reports and Proposals- MELT,https://mediaplayer.pearsoncmg.com/assets/2013-bcomm-bcomm_1401_256,2011,3:03,,,,,,,,,,,,,,,,,,,,,,,,,,,,,,,,,,,custom_target_105
106,Rudi's Bakery: Job Satisfaction,https://mediaplayer.pearsoncmg.com/assets/2014-ob_pom-JobSatisfy_Rudis,2012,2:51,,,,,,,,,,,,,,,,,,,,,,,,,,,,,,,,,,,custom_target_106
107,Method: Operations Management & Quality,https://mediaplayer.pearsoncmg.com/assets/2013-biz-cb-method_2013,2012,6:36,,,,,,,,,,,,,,,,,,,,,,,,,,,,,,,,,,,custom_target_107
108,Acer Vs. HP: Can Acer Surpass HP?,https://mediaplayer.pearsoncmg.com/assets/2013-MGMT-ib-AcerVsHP,2011,7:43,,,,,,,,,,,,,,,,,,,,,,,,,,,,,,,,,,,custom_target_108
109,MyGym: Organizing the Business,https://mediaplayer.pearsoncmg.com/assets/2013-biz-cb-mygym_2013,2012,5:45,,,,,,,,,,,,,,,,,,,,,,,,,,,,,,,,,,,custom_target_109
110,Airbus vs. Boeing,https://mediaplayer.pearsoncmg.com/assets/2013-MGMT-ib-AirbusBoeing,2011,11:04,,,,,,,,,,,,,,,,,,,,,,,,,,,,,,,,,,,custom_target_110
111,"Bancfirst: Financial Management: The Financial System, Money, & Banking",https://mediaplayer.pearsoncmg.com/assets/2013-biz-cb-bancfirstfinmgt_2013,2012,5:42,,,,,,,,,,,,,,,,,,,,,,,,,,,,,,,,,,,custom_target_111
112,Boston Boxing,https://mediaplayer.pearsoncmg.com/assets/HE_BusPub-akamai-streaming-bp-2013-MGMT-bostonboxing,2010,9:00,,,,,,,,,,,,,,,,,,,,,,,,,,,,,,,,,,,custom_target_112
113,Best Boss Ever Pays Employees to go on Vacation,https://mediaplayer.pearsoncmg.com/assets/ABC_News-7_14_12_GMA_BestBoss,2012 July,2:03,,,,,,,,,,,,,,,,,,,,,,,,,,,,,,,,,,,custom_target_113
114,POPS: Financial Information: Accounting & Financial Statements,https://mediaplayer.pearsoncmg.com/assets/2013-biz-cb-pops_2013,2012,6:29,,,,,,,,,,,,,,,,,,,,,,,,,,,,,,,,,,,custom_target_114
115,The California Healthcare Foundation: Performance Management,https://mediaplayer.pearsoncmg.com/assets/HE_BusPub-akamai-streaming-bp-2013-MGMT-HRM-hrm_0302_512,2011,7:45,,,,,,,,,,,,,,,,,,,,,,,,,,,,,,,,,,,custom_target_115
116,DC Shoes: Product Development and Pricing Strategies,https://mediaplayer.pearsoncmg.com/assets/2013-intro_biz-ITB2012_productdev_dcshoe_v3sm,2011,5:47,,,,,,,,,,,,,,,,,,,,,,,,,,,,,,,,,,,custom_target_116
117,Fashonista Sisters Team Up to Repurpose Military Surplus Clothing,https://mediaplayer.pearsoncmg.com/assets/bcomm_abc_business_today_GMA_7_7_15_Fashionista_Sisters_Team_Up,2015 July,3:27,,,,,,,,,,,,,,,,,,,,,,,,,,,,,,,,,,,custom_target_117
118,New Haven Federation of Teachers: Collective Bargaining,https://mediaplayer.pearsoncmg.com/assets/HE_BusPub-akamai-streaming-bp-2013-MGMT-HRM-HRM2013_AFT_Bargaining,2012,6:12,,,,,,,,,,,,,,,,,,,,,,,,,,,,,,,,,,,custom_target_118
119,Facebook CEO Takes 2 Months Paternity Leave,https://mediaplayer.pearsoncmg.com/assets/bcomm_abc_business_today_GMA_11-23-15_Facebook_CEO_Takes_2_Months_Paternity_Leave,2015 November,3:12,,,,,,,,,,,,,,,,,,,,,,,,,,,,,,,,,,,custom_target_119
120,Nom Nom,https://mediaplayer.pearsoncmg.com/assets/HE_BusPub-akamai-streaming-bp-2013-MGMT-nomnom,2012,9:31,,,,,,,,,,,,,,,,,,,,,,,,,,,,,,,,,,,custom_target_120
121,Facebook Stock Drops: Were Investors Misled?,https://mediaplayer.pearsoncmg.com/assets/ABC_News-5_23_12_GMA_FacebookInvestorsMislead,2012 May,2:52,,,,,,,,,,,,,,,,,,,,,,,,,,,,,,,,,,,custom_target_121
122,Our Labor of Love,https://mediaplayer.pearsoncmg.com/assets/2014-add_links-ourlaboroflove,2010,8:15,,,,,,,,,,,,,,,,,,,,,,,,,,,,,,,,,,,custom_target_122
123,Planning,https://mediaplayer.pearsoncmg.com/assets/2013-MGMT-TopicalPlanning,2010,5:42,,,,,,,,,,,,,,,,,,,,,,,,,,,,,,,,,,,custom_target_123
124,Faith in the Founder: Mark Zuckerberg,https://mediaplayer.pearsoncmg.com/assets/HE_BusPub-akamai-streaming-bp-ABC_News-8-18-12_WNT_FaithZuckerberg,2012 August,2:12,,,,,,,,,,,,,,,,,,,,,,,,,,,,,,,,,,,custom_target_124
125,Apple Calls on Congress to Step in Over Showdown with FBI,https://mediaplayer.pearsoncmg.com/assets/ABC_News-2016-WNT_2_25_16_AppleCallsonCongresstoStepinOverShowdownwithFBI,2016 February,3:39,,,,,,,,,,,,,,,,,,,,,,,,,,,,,,,,,,,custom_target_125
126,Mitch McConnell Cities Constitutional Right' To Deny Obama On Supreme Court,https://mediaplayer.pearsoncmg.com/assets/ABC_News-2016-ABCNews_3_16_16_MitchMcConnellCitesConstitutionalRighttoDenyObamaonSupremeCourt,2016 March,1:09,,,,,,,,,,,,,,,,,,,,,,,,,,,,,,,,,,,custom_target_126
127,Erin Andrews Breaks Down in Court Talking About Her Stalkers Video,https://mediaplayer.pearsoncmg.com/assets/ABC_News-2016-GMA_3_1_16_ErinAndrewsBreaksDowninCourtTalkingAboutHerStalkersVideo,2016 March,6:06,,,,,,,,,,,,,,,,,,,,,,,,,,,,,,,,,,,custom_target_127
128,Inside Googles Culture And Leadership New Book,https://mediaplayer.pearsoncmg.com/assets/ABC_News-2016-ABCNewsDigital_9_23_14_InsideGooglesCultureAndLeadershipNewBook,2014 September,5:15,,,,,,,,,,,,,,,,,,,,,,,,,,,,,,,,,,,custom_target_128
129,Inherent Racial Bias and Financial Decisions,https://mediaplayer.pearsoncmg.com/assets/ABC_News-2016-ABCNewsDigital_4_25_11_InherentRacialBiasandFinancialDecisions,2011 April,1:08,,,,,,,,,,,,,,,,,,,,,,,,,,,,,,,,,,,custom_target_129
130,Practicing Yoga with Cats,https://mediaplayer.pearsoncmg.com/assets/ABC_News-2016-ABCNewsDigital_2_23_16_PracticingYogawithCats,2016 February,5:33,,,,,,,,,,,,,,,,,,,,,,,,,,,,,,,,,,,custom_target_130
131,"Air Traffic Controllers Overly Fatigued, Report Reveals",https://mediaplayer.pearsoncmg.com/assets/ABC_News-2016-GMA_8_11_15_Air_Traffic_Controllers_Overly_Fatigued_Report_Reveals,2015 August,2:20,,,,,,,,,,,,,,,,,,,,,,,,,,,,,,,,,,,custom_target_131
132,Landmark Settlement GM Settles Lawsuit,https://mediaplayer.pearsoncmg.com/assets/ABC_News-2016-WNT_3_13_15_Landmark_Settlement_GM_Settles_Lawsuit,2015 March,1:23,,,,,,,,,,,,,,,,,,,,,,,,,,,,,,,,,,,custom_target_132
133,GM Admits to Hiding Safety Issues With Ignition Switch,https://mediaplayer.pearsoncmg.com/assets/ABC_News-2016-WNT_9_17_15_GM_Admits_to_Hiding_Safety_Issues_With_Ignition_Switch,2015 September,2:13,,,,,,,,,,,,,,,,,,,,,,,,,,,,,,,,,,,custom_target_133
134,Rise of Generic Drug Prescriptions Creates Liability Nightmare,https://mediaplayer.pearsoncmg.com/assets/ABC_News-2016-WNT_3_19_13_Rise_of_Generic_Drug_Prescriptions_Creates_Liability_Nightmare,2013 March,1:50,,,,,,,,,,,,,,,,,,,,,,,,,,,,,,,,,,,custom_target_134
135,Congress Weighs in on Gag Clauses for Online Reviews,https://mediaplayer.pearsoncmg.com/assets/ABC_News-2016-GMA_11_4_15_Congress_Weighs_in_on_Gag_Clauses_for_Online_Reviews,2015 November,0:50,,,,,,,,,,,,,,,,,,,,,,,,,,,,,,,,,,,custom_target_135
136,Son of Fallen Officer Receives Surprise Gift at Police Auction,https://mediaplayer.pearsoncmg.com/assets/ABC_News-2016-WNT_5_20_15_Son_of_Fallen_Officer_Receives_Surprise_Gift_at_Police_Auction,2015 May,1:48,,,,,,,,,,,,,,,,,,,,,,,,,,,,,,,,,,,custom_target_136
137,Man Goes From Debt Collector to Debtor,https://mediaplayer.pearsoncmg.com/assets/ABC_News-2016-2020_11_28_14_True_Confessions_Debt_Collectors,2014 November,7:26,,,,,,,,,,,,,,,,,,,,,,,,,,,,,,,,,,,custom_target_137
138,California Contractor Sues Reality Show for Alleged Defamation,https://mediaplayer.pearsoncmg.com/assets/ABC_News-2016-GMA_3_23_15_California_Contractor_Sues_Reality_Show_for_Alleged_Defamation,2015 March,2:17,,,,,,,,,,,,,,,,,,,,,,,,,,,,,,,,,,,custom_target_138
139,California AirBNB Guest Refuses to Leave,https://mediaplayer.pearsoncmg.com/assets/ABC_News-2016-GMA_7_22_14_California_AirBNB_Guest_Refuses_to_Leave,2014 July,2:49,,,,,,,,,,,,,,,,,,,,,,,,,,,,,,,,,,,custom_target_139
140,Shire Snags NPS Pharmaceuticals for 5.2 Billion,https://mediaplayer.pearsoncmg.com/assets/ABC_News-2016-ABC_News_Digital_1_12_15_Shire_Snags_NPS_Pharmaceuticals_for_5.2_Billion,2015 January,5:12,,,,,,,,,,,,,,,,,,,,,,,,,,,,,,,,,,,custom_target_140
141,Property Left in Your Hotel Room May Be a Target for Theft,https://mediaplayer.pearsoncmg.com/assets/ABC_News-2016-GMA_2_17_15_Property_Left_in_Your_Hotel_Room_May_Be_a_Target_for_Theft,2015 February,3:12,,,,,,,,,,,,,,,,,,,,,,,,,,,,,,,,,,,custom_target_141
142,Oprah Winfrey Invests in Weight Watchers,https://mediaplayer.pearsoncmg.com/assets/ABC_News-2016-GMA_10_20_15_Oprah_Winfrey_Invests_in_Weight_Watchers,2015 October,2:22,,,,,,,,,,,,,,,,,,,,,,,,,,,,,,,,,,,custom_target_142
143,Supreme Court Punts on Affirmative Action Sends Back to Appelate Court,https://mediaplayer.pearsoncmg.com/assets/ABC_News-2016-Special_Report_6_24_13_Supreme_Court_Punts_on_Affirmative_Action_Sends_Back_to_Appelate_Court,2013 June,4:53,,,,,,,,,,,,,,,,,,,,,,,,,,,,,,,,,,,custom_target_143
144,Pilot Files Wrongful-Termination Lawsuit Against Allegiant Air,https://mediaplayer.pearsoncmg.com/assets/ABC_News-2016-GMA_11_13_15_Pilot_Files_Wrongful_Termination_Lawsuit_Against_Allegiant_Air,2015 November,2:23,,,,,,,,,,,,,,,,,,,,,,,,,,,,,,,,,,,custom_target_144
145,Will Second Slender Man Girl Stand Trial,https://mediaplayer.pearsoncmg.com/assets/ABC_News-2016-GMA_9_15_14_Will_Second_Slender_Man_Girl_Stand_Trial,2014 September,3:31,,,,,,,,,,,,,,,,,,,,,,,,,,,,,,,,,,,custom_target_145
146,Car Owner Stunned When Valet Gives Keys to Wrong Person,https://mediaplayer.pearsoncmg.com/assets/ABC_News-2016-GMA_3_13_15_Car_Owner_Stunned_When_Valet_Gives_Keys_to_Wrong_Person,2015 March,1:53,,,,,,,,,,,,,,,,,,,,,,,,,,,,,,,,,,,custom_target_146
147,Protecting Finances During Divorce,https://mediaplayer.pearsoncmg.com/assets/ABC_News-2016-ABC_News_Digital_6_22_11_Protecting_Finances_During_Divorce,2011 June,5:50,,,,,,,,,,,,,,,,,,,,,,,,,,,,,,,,,,,custom_target_147
148,Terrence Howard and Ex-Wifes Original Divorce Settlement Thrown Out,https://mediaplayer.pearsoncmg.com/assets/ABC_News-2016-GMA_8_25_15_Terrence_Howard_and_Ex_Wifes_Original_Divorce_Settlement_Thrown_Out,2015 August,1:51,,,,,,,,,,,,,,,,,,,,,,,,,,,,,,,,,,,custom_target_148
149,Backlash Over President Obamas New Plan on Gun Control,https://mediaplayer.pearsoncmg.com/assets/ABC_News-2016-WNT_1_5_16_Backlash_Over_President_Obamas_New_Plan_on_Gun_Control,2016 January,2:56,,,,,,,,,,,,,,,,,,,,,,,,,,,,,,,,,,,custom_target_149
150,Number of College Graduates Defaulting on Student Loans Rises,https://mediaplayer.pearsoncmg.com/assets/ABC_News-2016-WNT_8_23_15_Number_of_College_Graduates_Defaulting_on_Student_Loans_Rises,2015 August,2:01,,,,,,,,,,,,,,,,,,,,,,,,,,,,,,,,,,,custom_target_150
151,Lottery Fraud Investigation Across 3 States Involving Millions,https://mediaplayer.pearsoncmg.com/assets/ABC_News-2016-WNT_10_12_15_Lottery_Fraud_Investigation_Across_3_States_Involving_Millions,2015 October,1:20,,,,,,,,,,,,,,,,,,,,,,,,,,,,,,,,,,,custom_target_151
152,Cyber Breach Hit US Government Workers,https://mediaplayer.pearsoncmg.com/assets/ABC_News-2016-ABC_News_Digital_6_5_15_Cyber_Breach_Hit_US_Government_Workers,2015 June,5:28,,,,,,,,,,,,,,,,,,,,,,,,,,,,,,,,,,,custom_target_152
153,20 Percent of Americans Avoid Dentists Because of Costs,https://mediaplayer.pearsoncmg.com/assets/ABC_News-2016-WNT_10_7_15_20_Percent_of_Americans_Avoid_Dentists_Because_of_Costs,2016 October,1:22,,,,,,,,,,,,,,,,,,,,,,,,,,,,,,,,,,,custom_target_153
154,"Government Calls for Expanded, National Airbag Recall",https://media.pearsoncmg.com/ph/bp/bp_mylabs/akamai/2012/ABC_News/GMA-11-19-14-GovernmentCallsforExpandedNationalAirbagRecall.html,2014 November,2:27,,,,,,,,,,,,,,,,,,,,,,,,,,,,,,,,,,,custom_target_154
155,FDA Changes Safety Warnings on Pain-Relief Drugs,https://mediaplayer.pearsoncmg.com/assets/bcomm_abc_business_today_GMA_7_10_15_FDA_Changes_Warnings_Drugs,2015 July,1:07,,,,,,,,,,,,,,,,,,,,,,,,,,,,,,,,,,,custom_target_155
156,Craigslist Founder Dodges Qs on Recall Policy,https://media.pearsoncmg.com/ph/bp/bp_mylabs/akamai/2012/ABC_News/GMA-11-21-14-CraigslistFounderDodgesQsonRecallPolicy.html,2014 November,4:06,,,,,,,,,,,,,,,,,,,,,,,,,,,,,,,,,,,custom_target_156
157,Chrysler Recalls Some Older Jeeps,https://mediaplayer.pearsoncmg.com/assets/HE_BusPub-akamai-streaming-bp-ABC_News-6_18_13_WNT_ChryslerRecallsSomeOlderJeeps,2013 June,1:47,,,,,,,,,,,,,,,,,,,,,,,,,,,,,,,,,,,custom_target_157
158,Behind The Scenes at the World Economic Forum,https://mediaplayer.pearsoncmg.com/assets/ABC_News-2016-ABC_News_Digital_1_21_16_Behind_The_Scenes_at_the_World_Economic_Forum,2016 January,12:32,,,,,,,,,,,,,,,,,,,,,,,,,,,,,,,,,,,custom_target_158
159,Low Oil Prices Create Turmoil on Wall Street,https://mediaplayer.pearsoncmg.com/assets/ABC_News-2016-WNT_1_20_16_Low_Oil_Prices_Create_Turmoil_on_Wall_Street,2016 January,1:45,,,,,,,,,,,,,,,,,,,,,,,,,,,,,,,,,,,custom_target_159
160,Car Sales in America Coming off a Record Year,https://mediaplayer.pearsoncmg.com/assets/ABC_News-2016-WNT_1_13_16_Car_Sales_in_America_Coming_off_a_Record_Year,2016 January,1:21,,,,,,,,,,,,,,,,,,,,,,,,,,,,,,,,,,,custom_target_160
161,Americans Lose Billions in Chinese Investment Frauds,https://mediaplayer.pearsoncmg.com/assets/ABC_News-2016-Nightline_1_9_13_Americans_Lose_Billions_in_Chinese_Investment_Frauds,2013 January,6:57,,,,,,,,,,,,,,,,,,,,,,,,,,,,,,,,,,,custom_target_161
162,Bernie Sanders Speech on Foreign Policy - Democratic Socialism,https://mediaplayer.pearsoncmg.com/assets/ABC_News-2016-ABC_News_11_19_15_Bernie_Sanders_Speech_on_Foreign_Policy_Democratic_Socialism,2015 November,1:50,,,,,,,,,,,,,,,,,,,,,,,,,,,,,,,,,,,custom_target_162
163,FIFA Officials Charged with Corruption,https://mediaplayer.pearsoncmg.com/assets/ABC_News-2016-ABC_News_Digital_5_27_15_FIFA_Officials_Charged_with_Corruption,2015 May,7:23,,,,,,,,,,,,,,,,,,,,,,,,,,,,,,,,,,,custom_target_163
164,North Korea Claims it Has Detonated a Hydrogen Bomb,https://mediaplayer.pearsoncmg.com/assets/ABC_News-2016-GMA_1_6_16_North_Korea_Claims_it_Has_Detonated_a_Hydrogen_Bomb,2016 January,2:01,,,,,,,,,,,,,,,,,,,,,,,,,,,,,,,,,,,custom_target_164
165,US Markets Plunge After Chinese Stock Woes-Mideast Instability,https://mediaplayer.pearsoncmg.com/assets/ABC_News-2016-GMA_1_5_16_US_Markets_Plunge_After_Chinese_Stock_Woes_Mideast_Instability,2016 January,1:13,,,,,,,,,,,,,,,,,,,,,,,,,,,,,,,,,,,custom_target_165
166,Beer Merger Creates World's Largest Brewer,https://mediaplayer.pearsoncmg.com/assets/ABC_News-2016-ATM_Beer_Merger_Creates_Worlds_Largest_Brewer_10_13_15,2015 October,0:28,,,,,,,,,,,,,,,,,,,,,,,,,,,,,,,,,,,custom_target_166
167,JC Penney_A Tale of Two Retailers,https://mediaplayer.pearsoncmg.com/assets/ABC_News-2016-ABC_News_Digital_2_27_15_JC_Penney_A_Tale_of_Two_Retailers,2015 February,4:13,,,,,,,,,,,,,,,,,,,,,,,,,,,,,,,,,,,custom_target_167
168,Mariah Carey on Her New Children's Christmas Book,https://mediaplayer.pearsoncmg.com/assets/ABC_News-2016-GMA_11_27_15_Mariah_Carey_on_Her_New_Childrens_Christmas_Book,2015 November,3:08,,,,,,,,,,,,,,,,,,,,,,,,,,,,,,,,,,,custom_target_168
169,Historic Climate Deal Reached,https://mediaplayer.pearsoncmg.com/assets/ABC_News-2016-WNT_12_12_15_Historic_Climate_Deal_Reached,2015 December,2:07,,,,,,,,,,,,,,,,,,,,,,,,,,,,,,,,,,,custom_target_169
170,Yahoo Unveils New Live Text App on GMA,https://mediaplayer.pearsoncmg.com/assets/ABC_News-2016-GMA_7_30_15_Yahoo_Unveils_New_Live_Text_App_on_GMA,2015 July,2:39,,,,,,,,,,,,,,,,,,,,,,,,,,,,,,,,,,,custom_target_170
171,Airbnb User Throws Raucous New Years Party,https://mediaplayer.pearsoncmg.com/assets/ABC_News-2016-WNT_1_3_16_Airbnb_User_Throws_Raucous_New_Years_Party,2016 January,1:50,,,,,,,,,,,,,,,,,,,,,,,,,,,,,,,,,,,custom_target_171
172,Returning to Work After the Holidays Doesnt Have to Give You the Blues,https://mediaplayer.pearsoncmg.com/assets/ABC_News-2016-GMA_1_3_16_Returning_to_Work_After_the_Holidays_Doesnt_Have_to_Give_You_the_Blues,2016 January,1:32,,,,,,,,,,,,,,,,,,,,,,,,,,,,,,,,,,,custom_target_172
173,Sheryl Sandberg Opens Up About Late Husband-New Year,https://mediaplayer.pearsoncmg.com/assets/ABC_News-2016-GMA_12_30_15_Sheryl_Sandberg_Opens_Up_About_Late_Husband_New_Year,2015 December,3:13,,,,,,,,,,,,,,,,,,,,,,,,,,,,,,,,,,,custom_target_173
174,The Dress Meteorologists Across the Country are Wearing,https://mediaplayer.pearsoncmg.com/assets/ABC_News-2016-Nightline_11_24_15_The_Dress_Meteorologists_Across_the_Country_are_Wearing,2015 November,2:22,,,,,,,,,,,,,,,,,,,,,,,,,,,,,,,,,,,custom_target_174
175,Instagram Star Says She Quit Social Media to be a Positive Role Model for Younger Sister,https://mediaplayer.pearsoncmg.com/assets/ABC_News-2016-Nightline_11_4_15_Instagram_Star_Says_She_Quit_Social_Media_to_be_a_Positive_Role_Model_for_Younger_Sister,2015 November,7:08,,,,,,,,,,,,,,,,,,,,,,,,,,,,,,,,,,,custom_target_175
176,Richard Branson's Bold Parenting Move,https://mediaplayer.pearsoncmg.com/assets/bcomm_abc_business_today_GMA_61115_Richard_Bransons_Parenting,2015 June,4:49,,,,,,,,,,,,,,,,,,,,,,,,,,,,,,,,,,,custom_target_176
177,New Study Reveals Women See Downside to Promotions,https://mediaplayer.pearsoncmg.com/assets/bcomm_abc_business_today_GMA_9_24_15_New_Study_Women_Downside_Promotions,2015 September,4:19,,,,,,,,,,,,,,,,,,,,,,,,,,,,,,,,,,,custom_target_177
178,Swipe Right for Employment? New App Is Tinder for Job Seekers,https://mediaplayer.pearsoncmg.com/assets/bcomm_abc_business_today_GMA_7_7_15_Swipe_Right_for_Employment,2015 July,3:46,,,,,,,,,,,,,,,,,,,,,,,,,,,,,,,,,,,custom_target_178
179,Target Gives Workers a Boost,https://mediaplayer.pearsoncmg.com/assets/bcomm_abc_business_today_040915-ABC_News_Digital_3_19_15_Target_Gives_Workers_Boost,2015 March,5:50,,,,,,,,,,,,,,,,,,,,,,,,,,,,,,,,,,,custom_target_179
180,Rudi's Bakery: Motivation,https://mediaplayer.pearsoncmg.com/assets/ob_pom-2014-Motivation_Rudis,2012,2:55,,,,,,,,,,,,,,,,,,,,,,,,,,,,,,,,,,,custom_target_180
181,Rudi's Bakery: Motivation Applications,https://mediaplayer.pearsoncmg.com/assets/2014-ob_pom-MotivationApps_Rudis,2012,3:05,,,,,,,,,,,,,,,,,,,,,,,,,,,,,,,,,,,custom_target_181
182,Jeff Bezos Confronts Criticism of Amazon's 'Brutal' Workplace Conditions,https://mediaplayer.pearsoncmg.com/assets/bcomm_abc_business_today_GMA_8_18_15_Jeff_Bezos_Amazons_Brutal_Workplace,2015 August,2:08,,,,,,,,,,,,,,,,,,,,,,,,,,,,,,,,,,,custom_target_182
183,Save the Children: Global Human Resource Management,https://mediaplayer.pearsoncmg.com/assets/HE_BusPub-akamai-streaming-bp-2013-MGMT-HRM-HRM2013_STC_GlobalHRM,2012,7:24,,,,,,,,,,,,,,,,,,,,,,,,,,,,,,,,,,,custom_target_183
184,McDonald's Workers Are Lovin' It,https://mediaplayer.pearsoncmg.com/assets/bcomm_abc_business_today_05152015-ABC_News_Digital_4_2_15_McDonalds_Workers,2015 April,5:17,,,,,,,,,,,,,,,,,,,,,,,,,,,,,,,,,,,custom_target_184
185,Verizon: Career Planning,https://mediaplayer.pearsoncmg.com/assets/HE_BusPub-akamai-streaming-bp-2013-MGMT-HRM-HRM2013_Verizon_Career,2012,6:44,,,,,,,,,,,,,,,,,,,,,,,,,,,,,,,,,,,custom_target_185
186,Reddit's Ellen Pao Bans Salary Negotiations for New Employees,https://mediaplayer.pearsoncmg.com/assets/bcomm_abc_business_today_05152015-GMA_4_8_15_Reddits_Ellen_Pao_Bans,2015 April,5:13,,,,,,,,,,,,,,,,,,,,,,,,,,,,,,,,,,,custom_target_186
187,Verizon: Diversity,https://mediaplayer.pearsoncmg.com/assets/MGMT-OB-2013-OB2013_Verizon_Diversity,2012,6:31,,,,,,,,,,,,,,,,,,,,,,,,,,,,,,,,,,,custom_target_187
188,Zane's Cycles: Foundations of Control,https://mediaplayer.pearsoncmg.com/assets/MGMT-POM-2013-POM2013_Zanes_Control,2012,6:57,,,,,,,,,,,,,,,,,,,,,,,,,,,,,,,,,,,custom_target_188
189,Why You Stay at a Job You Hate,https://mediaplayer.pearsoncmg.com/assets/bcomm_abc_business_today_GMA_9_7_15_Why_You_Stay_at_a_Job_You_Hate,2015 September,4:13,,,,,,,,,,,,,,,,,,,,,,,,,,,,,,,,,,,custom_target_189
190,Walmart Boosts Entry-Level Pay,https://mediaplayer.pearsoncmg.com/assets/bcomm_abc_business_today_030515-ABC_News_Digital_2_19_15_Walmart_Boosts_Pay,2015 February,6:12,,,,,,,,,,,,,,,,,,,,,,,,,,,,,,,,,,,custom_target_190
191,The Dangers of Office Gossip and How to Avoid It,https://mediaplayer.pearsoncmg.com/assets/bcomm_abc_business_today_GMA_7_27_15_The_Dangers_of_Office_Gossip,2015 July,5:31,,,,,,,,,,,,,,,,,,,,,,,,,,,,,,,,,,,custom_target_191
192,CH2MHill: Human Resource Management,https://mediaplayer.pearsoncmg.com/assets/2014-ob_pom-HumanResMgmt_CH2MHill,2012,2:48,,,,,,,,,,,,,,,,,,,,,,,,,,,,,,,,,,,custom_target_192
193,"Fast Food Workers Walk Out, Demanding Higher Pay",https://mediaplayer.pearsoncmg.com/assets/ABC_News-8_29_13_GMA_FastFoodWorkersWalkOutDemandingHigherPay,2013 August,2:23,,,,,,,,,,,,,,,,,,,,,,,,,,,,,,,,,,,custom_target_193
194,Elm City Market: Designing and Administering Benefits,https://mediaplayer.pearsoncmg.com/assets/HE_BusPub-akamai-streaming-bp-2013-MGMT-HRM-HRM2013_ElmCity_Benefits,2012,7:49,,,,,,,,,,,,,,,,,,,,,,,,,,,,,,,,,,,custom_target_194
195,Franchisees Accused of Worker Exploitation,https://mediaplayer.pearsoncmg.com/assets/ABC_News-6_18_13_GMA_FranchiseesAccusedofWorkerExploitation,2015 June,2:23,,,,,,,,,,,,,,,,,,,,,,,,,,,,,,,,,,,custom_target_195
196,Gordon Law Group: Employee Separation,https://mediaplayer.pearsoncmg.com/assets/2013-MGMT-HRM-HRM2013_Gordon_Separation,2012,7:14,,,,,,,,,,,,,,,,,,,,,,,,,,,,,,,,,,,custom_target_196
197,Google Founder at Center of Alleged Sex Scandal,https://mediaplayer.pearsoncmg.com/assets/HE_BusPub-akamai-streaming-bp-ABC_News-9-3-13_GMA_GoogleFounderatCenterofAllegedSexScandal,2013 September,2:20,,,,,,,,,,,,,,,,,,,,,,,,,,,,,,,,,,,custom_target_197
198,Orpheus Group Casting: Social Perception and Attribution,https://mediaplayer.pearsoncmg.com/assets/MGMT-OB-2013-OB2013_Orpheus_Perception,2012,7:22,,,,,,,,,,,,,,,,,,,,,,,,,,,,,,,,,,,custom_target_198
199,Mom Deemed 'Too Hot' For Work Gets Second Chance,https://mediaplayer.pearsoncmg.com/assets/ABC_News-6_29_13_GMA_Mom_Deemed_Too_Hot,2013 June,2:33,,,,,,,,,,,,,,,,,,,,,,,,,,,,,,,,,,,custom_target_199
200,Root Capital: Human Resource Management and Operations,https://mediaplayer.pearsoncmg.com/assets/2013-MGMT-POM-POM2013_Root_Operations,2012,7:01,,,,,,,,,,,,,,,,,,,,,,,,,,,,,,,,,,,custom_target_200
201,Woman on Track to Become First Female NFL Ref,https://mediaplayer.pearsoncmg.com/assets/HE_BusPub-akamai-streaming-bp-ABC_News-8-1-13_GMA_WomanOnTrackToBecomeFirstFemaleNFLRef,2013 August,1:51,,,,,,,,,,,,,,,,,,,,,,,,,,,,,,,,,,,custom_target_201
202,Rudi's Bakery: Ability and Personality,https://mediaplayer.pearsoncmg.com/assets/ob_pom-2014-AbilityPers_Rudis_m4v,2012,3:09,,,,,,,,,,,,,,,,,,,,,,,,,,,,,,,,,,,custom_target_202
203,Rudi's Bakery: Human Resource Management,https://mediaplayer.pearsoncmg.com/assets/ob_pom-2014-HumanResMgmt_Rudis,2012,3:07,,,,,,,,,,,,,,,,,,,,,,,,,,,,,,,,,,,custom_target_203
204,"Facebook, Apple Offer to Pay for Egg-Freezing",https://mediaplayer.pearsoncmg.com/assets/HE_BusPub-akamai-streaming-bp-ABC_News-GMA-10-15-14-FacebookAppleOffertoPayforEgg,2014 October,3:09,,,,,,,,,,,,,,,,,,,,,,,,,,,,,,,,,,,custom_target_204
205,Kmart Employee Protests Thanksgiving Day Schedule,https://media.pearsoncmg.com/ph/bp/bp_mylabs/akamai/2012/ABC_News/GMA-11-15-14-KmartEmployeeProtestsThanksgivingDaySchedule.html,2014 November,2:45,,,,,,,,,,,,,,,,,,,,,,,,,,,,,,,,,,,custom_target_205
206,Gravity Payments CEO to Cut His Salary to Raise Employee Wages,https://mediaplayer.pearsoncmg.com/assets/bcomm_abc_business_today_05152015-GMA_4_15_15_Gravity_Payments_CEO,2015 April,2:14,,,,,,,,,,,,,,,,,,,,,,,,,,,,,,,,,,,custom_target_206
207,Weather Channel: Appraising,https://mediaplayer.pearsoncmg.com/assets/HE_BusPub-akamai-streaming-bp-2013-MGMT-HRM-hrm_0102_512,2011,9:41,,,,,,,,,,,,,,,,,,,,,,,,,,,,,,,,,,,custom_target_207
208,Weather Channel: Talent Management,https://mediaplayer.pearsoncmg.com/assets/HcZPr3iw25e6gdrgnbOCMduQ_1nTYL7E,2011,9:22,,,,,,,,,,,,,,,,,,,,,,,,,,,,,,,,,,,custom_target_208
209,Wilson Learning: Training,https://mediaplayer.pearsoncmg.com/assets/MGMT-HRM-2013-hrm_0701_512,2011,12:42,,,,,,,,,,,,,,,,,,,,,,,,,,,,,,,,,,,custom_target_209
210,CH2MHill: Ability and Personality,https://mediaplayer.pearsoncmg.com/assets/ob_pom-2014-ABilityPers_CH2MHill_m4v,2012,1:54,,,,,,,,,,,,,,,,,,,,,,,,,,,,,,,,,,,custom_target_210
211,Joby: Global HR Management,https://mediaplayer.pearsoncmg.com/assets/MGMT-ib-2013-JOBY-VID3-WEB640,2010,3:57,,,,,,,,,,,,,,,,,,,,,,,,,,,,,,,,,,,custom_target_211
212,The California Healthcare Foundation: Safety,https://mediaplayer.pearsoncmg.com/assets/2013-MGMT-HRM-hrm_0502_512,2011,8:44,,,,,,,,,,,,,,,,,,,,,,,,,,,,,,,,,,,custom_target_212
213,Joby: Values,https://mediaplayer.pearsoncmg.com/assets/2013-MGMT-OB-JOBY_VID2_WEB640,2010,4:01,,,,,,,,,,,,,,,,,,,,,,,,,,,,,,,,,,,custom_target_213
214,Joie de Vivre Hospitality: Employee Motivation,https://mediaplayer.pearsoncmg.com/assets/MGMT-OB-2013-JDVH-VID1-WEB640,2010,8:10,,,,,,,,,,,,,,,,,,,,,,,,,,,,,,,,,,,custom_target_214
215,Joie de Vivre Hospitality: Pay for Performance and Financial Incentives,https://mediaplayer.pearsoncmg.com/assets/2013-MGMT-HRM-JDVH_VID3_WEB640,2010,4:53,,,,,,,,,,,,,,,,,,,,,,,,,,,,,,,,,,,custom_target_215
216,UPS: Equal Opportunity Employment,https://mediaplayer.pearsoncmg.com/assets/_VYs7EKWcvrXTGKBKuXcjUQ3_lo9HJOH,2011,10:10,,,,,,,,,,,,,,,,,,,,,,,,,,,,,,,,,,,custom_target_216
217,UPS: Union Management,https://mediaplayer.pearsoncmg.com/assets/ee_L4nK0BLzTuL5JQhYw_Y3yiHct5Abw,2011,10:12,,,,,,,,,,,,,,,,,,,,,,,,,,,,,,,,,,,custom_target_217
218,Patagonia: Employee Testing and Selection,https://mediaplayer.pearsoncmg.com/assets/MGMT-HRM-2013-PATG-VID3-WEB640,2010,3:58,,,,,,,,,,,,,,,,,,,,,,,,,,,,,,,,,,,custom_target_218
219,Patagonia: Human Resource Management,https://mediaplayer.pearsoncmg.com/assets/dZZILFJjleKIyhfYMPBljaDiNKn_p_pe,2010,8:06,,,,,,,,,,,,,,,,,,,,,,,,,,,,,,,,,,,custom_target_219
220,Witness.org: Training and Developing Employees,https://mediaplayer.pearsoncmg.com/assets/2013-MGMT-HRM-WITN_VID3_WEB640,2010,4:33,,,,,,,,,,,,,,,,,,,,,,,,,,,,,,,,,,,custom_target_220
221,Diversity (TWZ Role Play),https://mediaplayer.pearsoncmg.com/assets/2013-MGMT-OB-OBPOM2012_Diversity,2011,8:52,,,,,,,,,,,,,,,,,,,,,,,,,,,,,,,,,,,custom_target_221
222,Hautelook: Appraising,https://mediaplayer.pearsoncmg.com/assets/MGMT-HRM-2013-hrm_0101_512,2011,7:14,,,,,,,,,,,,,,,,,,,,,,,,,,,,,,,,,,,custom_target_222
223,Hautelook: Recruiting,https://mediaplayer.pearsoncmg.com/assets/2013-MGMT-HRM-hrm_0401_512,2011,8:08,,,,,,,,,,,,,,,,,,,,,,,,,,,,,,,,,,,custom_target_223
224,Honest Tea: Ethics Company Mission and Values,https://mediaplayer.pearsoncmg.com/assets/MGMT-OB-2013-OBPOM2012_HonestTea_Mission,2011,7:09,,,,,,,,,,,,,,,,,,,,,,,,,,,,,,,,,,,custom_target_224
225,MINI: Globalization,https://mediaplayer.pearsoncmg.com/assets/MGMT-ib-2013-OBPOM2012_MINI_Global,2011,7:13,,,,,,,,,,,,,,,,,,,,,,,,,,,,,,,,,,,custom_target_225
226,MINI: Working in a Virtual World,https://mediaplayer.pearsoncmg.com/assets/2013-MGMT-OB-OBPOM2012_MINI_Virtual,2011,7:42,,,,,,,,,,,,,,,,,,,,,,,,,,,,,,,,,,,custom_target_226
227,Organizational Culture (TWZ Role Play),https://mediaplayer.pearsoncmg.com/assets/MGMT-OB-2013-OBPOM2012_Org_Culture,2011,9:30,,,,,,,,,,,,,,,,,,,,,,,,,,,,,,,,,,,custom_target_227
228,Planning (TWZ Role Play),https://mediaplayer.pearsoncmg.com/assets/2014-add_links-OBPOM2012_Planning,2011,9:12,,,,,,,,,,,,,,,,,,,,,,,,,,,,,,,,,,,custom_target_228
229,Herman Miller: Organizational Behavior,https://mediaplayer.pearsoncmg.com/assets/management-2011-HMILL_VID2_WEB640,2010,4:29,,,,,,,,,,,,,,,,,,,,,,,,,,,,,,,,,,,custom_target_229
230,PTC: Employee Engagement,https://mediaplayer.pearsoncmg.com/assets/MGMT-OB-2013-OBPOM2012_PTC_EmpEngmnt,2011,7:03,,,,,,,,,,,,,,,,,,,,,,,,,,,,,,,,,,,custom_target_230
231,Blackbird Guitars: Managing Human Resources in Entrepreneurial Firms,https://mediaplayer.pearsoncmg.com/assets/MGMT-HRM-2013-BLKB-VID3-WEB640,2010,4:21,,,,,,,,,,,,,,,,,,,,,,,,,,,,,,,,,,,custom_target_231
232,Controlling,https://mediaplayer.pearsoncmg.com/assets/2013-MGMT-TopicalControling,2010,4:56,,,,,,,,,,,,,,,,,,,,,,,,,,,,,,,,,,,custom_target_232
233,Gawker Media: Attitudes and Job Satisfaction,https://mediaplayer.pearsoncmg.com/assets/management-2011-GWKR_VID2_WEB640,2010,4:16,,,,,,,,,,,,,,,,,,,,,,,,,,,,,,,,,,,custom_target_233
234,Gawker Media: Personnel Planning and Recruiting,https://mediaplayer.pearsoncmg.com/assets/MGMT-HRM-2013-GWKR-VID3-WEB640,2010,4:49,,,,,,,,,,,,,,,,,,,,,,,,,,,,,,,,,,,custom_target_234
235,Herman Miller: Employee Safety,https://mediaplayer.pearsoncmg.com/assets/HE_BusPub-akamai-streaming-bp-2013-MGMT-HRM-HMILL-VID3-WEB640,2010,4:15,,,,,,,,,,,,,,,,,,,,,,,,,,,,,,,,,,,custom_target_235
236,Herman Miller: Managers as Leaders,https://mediaplayer.pearsoncmg.com/assets/2013-MGMT-OB-HMILL_VID1_WEB640,2010,8:19,,,,,,,,,,,,,,,,,,,,,,,,,,,,,,,,,,,custom_target_236
237,"Herman Miller: Motivation, Leadership & Teamwork",https://mediaplayer.pearsoncmg.com/assets/2013-MGMT-OB-HMILL_VID4_WEB640,2010,3:42,,,,,,,,,,,,,,,,,,,,,,,,,,,,,,,,,,,custom_target_237
238,Reviewing Popular Soap Ingredient's Safety,https://mediaplayer.pearsoncmg.com/assets/HE_BusPub-akamai-streaming-bp-ABC_News-5-3-13_GMA_ReviewingPopularSoap,2013 May,1:50,,,,,,,,,,,,,,,,,,,,,,,,,,,,,,,,,,,custom_target_238
239,"$250,000 Kickstarter Campaign for a Hoverboard",https://mediaplayer.pearsoncmg.com/assets/HE_BusPub-akamai-streaming-bp-ABC_News-GMA-10-22-14-KickstarterCampaignforaHoverboard,2014 October,2:33,,,,,,,,,,,,,,,,,,,,,,,,,,,,,,,,,,,custom_target_239
240,Did Burger King Defect to Canada to Save Tax Money,https://mediaplayer.pearsoncmg.com/assets/ABC_News-WNT_8_26_14_Did_Burger_King_Defect_to_Canada_to_Save_Tax_Money,2014 August,2:14,,,,,,,,,,,,,,,,,,,,,,,,,,,,,,,,,,,custom_target_240
241,iPhone 6 Launches,https://mediaplayer.pearsoncmg.com/assets/HE_BusPub-akamai-streaming-bp-ABC_News-GMA-9-19-14-iPhone6Launches,2014 September,3:07,,,,,,,,,,,,,,,,,,,,,,,,,,,,,,,,,,,custom_target_241
242,Joby: Individual Behavior,https://mediaplayer.pearsoncmg.com/assets/2013-MGMT-OB-JOBY_VID1_WEB640,2010,7:22,,,,,,,,,,,,,,,,,,,,,,,,,,,,,,,,,,,custom_target_242
243,Job Search Help for Young Workers,https://mediaplayer.pearsoncmg.com/assets/HE_BusPub-akamai-streaming-bp-ABC_News-10-24-12_ANNMM_JobSearchYoungWorkers,2012,6:06,,,,,,,,,,,,,,,,,,,,,,,,,,,,,,,,,,,custom_target_243
244,Companies Look at the Hispanic American Consumer,https://mediaplayer.pearsoncmg.com/assets/ABC_News-WNPW051413A_PFR_001_1411472_Companies_Look_to_Hispanic_American_Consumer,2013 May,3:16,,,,,,,,,,,,,,,,,,,,,,,,,,,,,,,,,,,custom_target_244

